Workbook

Sheet Temuan
A1: CATATAN TEMUAN
A2: Setiap hasil Gagal dicatat di sini. Jumlahnya terhitung sendiri di sheet Ringkasan.
A4: No | B4: ID Uji | C4: Tingkat | D4: Ringkasan temuan | E4: Dokumen/batch yang dipakai | F4: Bukti | G4: Dilaporkan oleh | H4: Tanggal | I4: Status
A5: 1 | B5: 2.6 | C5: S2 | D5: Dokumen TOP 120 muncul di tab WPT, bukan Overdue | E5: NPC/CMP/MDN/326C/22027 | F5: temuan-2-6.png | G5: Budi (U-OSC1) | H5: 25-Sep-2026 | I5: Baru | K5: <- baris contoh, boleh dihapus

Sheet Persiapan
A1: PERSIAPAN SEBELUM UAT DIMULAI
A3: AKUN PENGUJI
A4: Jangan berbagi akun. Log Aktivitas mencatat pelakunya, dan akun bersama membuat hasil UAT tidak bisa ditelusuri.
A6: Kode | B6: Peran | C6: Jangkauan | D6: Nama Penguji | E6: Diserahkan Tgl
A7: U-ADM | B7: Admin Depot | C7: 1 depot
A8: U-OSC1 | B8: OSC | C8: 2 depot (untuk menguji penyaring depot)
A9: U-OSC2 | B9: OSC | C9: 1 depot (untuk menguji penyaring terkunci)
A10: U-OSC3 | B10: OSC yang ditunjuk memegang Claim Process | C10: sesuai penunjukan
A11: U-SPV | B11: Supervisor | C11: membina U-OSC1 dan U-OSC2
A12: U-DH | B12: Depot Head | C12: 1 depot
A13: U-MGT | B13: Management | C13: 1 region berisi minimal 2 depot
A14: U-SM | B14: System Manager | C14: seluruhnya
A17: DOKUMEN UJI
A18: Disiapkan pada depot U-OSC1, minimal 20 dokumen.
A20: Jenis CB | B20: Jumlah | C20: Keterangan | D20: Sudah disiapkan
A21: Transfer | B21: 5 | C21: 2 di antaranya pelanggannya belum punya rekening
A22: CN | B22: 5
A23: Rebate | B23: 5 | C23: untuk menguji Bulk Process
A24: Rebate Manual | B24: 5 | C24: dulu bernama RA07 / RA7
A25: (variasi) tanpa KTP & NPWP | B25: 2 | C25: untuk menguji penolakan
A26: (variasi) TOP melebihi Master | B26: 2 | C26: untuk menguji tab Overdue
A27: (variasi) TOP dikosongkan | B27: 2 | C27: untuk menguji TOP boleh kosong
A30: CATATAN PENTING
A31: • Jangan memakai data pelanggan sungguhan untuk mencoba Reject, On Hold atau Expired.
A32: • Selama UAT, tab Email Pengajuan WAJIB dalam Mode Uji. Email tetap terkirim sungguhan tetapi hanya ke alamat penguji - depot tidak menerima apa pun.
A33: • Setiap hasil Gagal wajib disertai tangkapan layar dan nomor dokumen yang dipakai.

Sheet Persetujuan
A1: PERSETUJUAN
A3: UAT dinyatakan selesai bila seluruh syarat pada sheet Ringkasan terpenuhi.
A5: Peran | B5: Nama | C5: Tanda tangan | D5: Tanggal
A6: Pemilik sistem
A7: Perwakilan Depot
A8: Perwakilan OSC
A9: Perwakilan Supervisor
A10: Perwakilan Management
A13: Email dikirim pada: Submitted, On Hold, Expired, Approved, Done (Clearing)
A14: Tidak dikirim pada: Release, Claim to Finance, Reject, Bulk Process

Sheet User
A2: Role | B2: User id | C2: Pass
A3: kadep | B3: user_uat | C3: kadep123456
A4: spv | B4: miranti | C4: miranti123456
A5: osc 1 | B5: iqrima | C5: iqrima123456
A6: osc 2 | B6: ayi | C6: ayi123456
A7: system manager | B7: rika | C7: rika123456
A8: SAT | B8: sateam | C8: sat123456 | E8: Document center

Sheet Summary
A1: UAT — RESOURCE COLLECTION NEXT GEN
A2: Versi 2 - Draft - 25 September 2026
A4: Isi kolom kuning. Lulus/Gagal/Terhalang terisi sendiri dari tiap sheet tahap, jadi tidak perlu dihitung manual.
A6: No | B6: Tahap | C6: Modul | D6: Jml Uji | E6: User yang Diuji | F6: PIC | G6: Lulus | H6: Gagal | I6: Terhalang | J6: Belum | K6: Tanggal | L6: Status
A7: 0 | B7: Akses & Sesi | C7: Login, Menu | D7: 14 | E7: Semua peran | G7: =COUNTIF('Tahap 0'!$D:$D,"L") -> 1 | H7: =COUNTIF('Tahap 0'!$D:$D,"G") -> 0 | I7: =COUNTIF('Tahap 0'!$D:$D,"T") -> 0 | J7: =D7-G7-H7-I7 -> 13 | L7: =IF(J7=D7,"Belum Mulai",IF(J7=0,IF(H7>0,"Selesai - ada gagal","Selesai"),"Berjalan")) -> Berjalan
A8: 1 | B8: Pengajuan | C8: Claim Upload | D8: 22 | E8: Admin Depot / OSC | G8: =COUNTIF('Tahap 1'!$D:$D,"L") -> 0 | H8: =COUNTIF('Tahap 1'!$D:$D,"G") -> 0 | I8: =COUNTIF('Tahap 1'!$D:$D,"T") -> 0 | J8: =D8-G8-H8-I8 -> 22 | L8: =IF(J8=D8,"Belum Mulai",IF(J8=0,IF(H8>0,"Selesai - ada gagal","Selesai"),"Berjalan")) -> Belum Mulai
A9: 2 | B9: Persetujuan | C9: Management of Approval | D9: 25 | E9: OSC / Supervisor / Management / Depot Head | G9: =COUNTIF('Tahap 2'!$D:$D,"L") -> 0 | H9: =COUNTIF('Tahap 2'!$D:$D,"G") -> 0 | I9: =COUNTIF('Tahap 2'!$D:$D,"T") -> 0 | J9: =D9-G9-H9-I9 -> 25 | L9: =IF(J9=D9,"Belum Mulai",IF(J9=0,IF(H9>0,"Selesai - ada gagal","Selesai"),"Berjalan")) -> Belum Mulai
A10: 3 | B10: Penerbitan | C10: Release Doc | D10: 7 | E10: OSC / Supervisor | G10: =COUNTIF('Tahap 3'!$D:$D,"L") -> 0 | H10: =COUNTIF('Tahap 3'!$D:$D,"G") -> 0 | I10: =COUNTIF('Tahap 3'!$D:$D,"T") -> 0 | J10: =D10-G10-H10-I10 -> 7 | L10: =IF(J10=D10,"Belum Mulai",IF(J10=0,IF(H10>0,"Selesai - ada gagal","Selesai"),"Berjalan")) -> Belum Mulai
A11: 4 | B11: Pencairan | C11: Claim Process | D11: 12 | E11: OSC yang ditunjuk (U-OSC3) | G11: =COUNTIF('Tahap 4'!$D:$D,"L") -> 0 | H11: =COUNTIF('Tahap 4'!$D:$D,"G") -> 0 | I11: =COUNTIF('Tahap 4'!$D:$D,"T") -> 0 | J11: =D11-G11-H11-I11 -> 12 | L11: =IF(J11=D11,"Belum Mulai",IF(J11=0,IF(H11>0,"Selesai - ada gagal","Selesai"),"Berjalan")) -> Belum Mulai
A12: 5 | B12: Rebate | C12: Bulk Process | D12: 5 | E12: OSC / Supervisor | G12: =COUNTIF('Tahap 5'!$D:$D,"L") -> 0 | H12: =COUNTIF('Tahap 5'!$D:$D,"G") -> 0 | I12: =COUNTIF('Tahap 5'!$D:$D,"T") -> 0 | J12: =D12-G12-H12-I12 -> 5 | L12: =IF(J12=D12,"Belum Mulai",IF(J12=0,IF(H12>0,"Selesai - ada gagal","Selesai"),"Berjalan")) -> Belum Mulai
A13: 6 | B13: Data Induk | C13: Key Master | D13: 14 | E13: System Manager / Supervisor | G13: =COUNTIF('Tahap 6'!$D:$D,"L") -> 0 | H13: =COUNTIF('Tahap 6'!$D:$D,"G") -> 0 | I13: =COUNTIF('Tahap 6'!$D:$D,"T") -> 0 | J13: =D13-G13-H13-I13 -> 14 | L13: =IF(J13=D13,"Belum Mulai",IF(J13=0,IF(H13>0,"Selesai - ada gagal","Selesai"),"Berjalan")) -> Belum Mulai
A14: 7 | B14: Dokumen | C14: Document Center | D14: 6 | E14: OSC / Supervisor | G14: =COUNTIF('Tahap 7'!$D:$D,"L") -> 0 | H14: =COUNTIF('Tahap 7'!$D:$D,"G") -> 0 | I14: =COUNTIF('Tahap 7'!$D:$D,"T") -> 0 | J14: =D14-G14-H14-I14 -> 6 | L14: =IF(J14=D14,"Belum Mulai",IF(J14=0,IF(H14>0,"Selesai - ada gagal","Selesai"),"Berjalan")) -> Belum Mulai
A15: 8 | B15: Jadwal | C15: Timetable | D15: 6 | E15: Semua peran | G15: =COUNTIF('Tahap 8'!$D:$D,"L") -> 0 | H15: =COUNTIF('Tahap 8'!$D:$D,"G") -> 0 | I15: =COUNTIF('Tahap 8'!$D:$D,"T") -> 0 | J15: =D15-G15-H15-I15 -> 6 | L15: =IF(J15=D15,"Belum Mulai",IF(J15=0,IF(H15>0,"Selesai - ada gagal","Selesai"),"Berjalan")) -> Belum Mulai
A16: 9 | B16: Laporan | C16: Report & Dashboard Publik | D16: 18 | E16: Supervisor / Management / Umum | G16: =COUNTIF('Tahap 9'!$D:$D,"L") -> 0 | H16: =COUNTIF('Tahap 9'!$D:$D,"G") -> 0 | I16: =COUNTIF('Tahap 9'!$D:$D,"T") -> 0 | J16: =D16-G16-H16-I16 -> 18 | L16: =IF(J16=D16,"Belum Mulai",IF(J16=0,IF(H16>0,"Selesai - ada gagal","Selesai"),"Berjalan")) -> Belum Mulai
A17: 10 | B17: Analisa | C17: Analytics & People Performance | D17: 7 | E17: Supervisor / Management | G17: =COUNTIF('Tahap 10'!$D:$D,"L") -> 0 | H17: =COUNTIF('Tahap 10'!$D:$D,"G") -> 0 | I17: =COUNTIF('Tahap 10'!$D:$D,"T") -> 0 | J17: =D17-G17-H17-I17 -> 7 | L17: =IF(J17=D17,"Belum Mulai",IF(J17=0,IF(H17>0,"Selesai - ada gagal","Selesai"),"Berjalan")) -> Belum Mulai
A18: 11 | B18: Pengguna | C18: Access Management | D18: 11 | E18: Supervisor / System Manager | G18: =COUNTIF('Tahap 11'!$D:$D,"L") -> 0 | H18: =COUNTIF('Tahap 11'!$D:$D,"G") -> 0 | I18: =COUNTIF('Tahap 11'!$D:$D,"T") -> 0 | J18: =D18-G18-H18-I18 -> 11 | L18: =IF(J18=D18,"Belum Mulai",IF(J18=0,IF(H18>0,"Selesai - ada gagal","Selesai"),"Berjalan")) -> Belum Mulai
A19: 12 | B19: Email Pengajuan | C19: Access Management | D19: 27 | E19: Supervisor / System Manager | G19: =COUNTIF('Tahap 12'!$D:$D,"L") -> 0 | H19: =COUNTIF('Tahap 12'!$D:$D,"G") -> 0 | I19: =COUNTIF('Tahap 12'!$D:$D,"T") -> 0 | J19: =D19-G19-H19-I19 -> 27 | L19: =IF(J19=D19,"Belum Mulai",IF(J19=0,IF(H19>0,"Selesai - ada gagal","Selesai"),"Berjalan")) -> Belum Mulai
A20: 13 | B20: Jejak | C20: Log Aktivitas | D20: 6 | E20: Supervisor / System Manager | G20: =COUNTIF('Tahap 13'!$D:$D,"L") -> 0 | H20: =COUNTIF('Tahap 13'!$D:$D,"G") -> 0 | I20: =COUNTIF('Tahap 13'!$D:$D,"T") -> 0 | J20: =D20-G20-H20-I20 -> 6 | L20: =IF(J20=D20,"Belum Mulai",IF(J20=0,IF(H20>0,"Selesai - ada gagal","Selesai"),"Berjalan")) -> Belum Mulai
B21: TOTAL | D21: =SUM(D7:D20) -> 180 | G21: =SUM(G7:G20) -> 1 | H21: =SUM(H7:H20) -> 0 | I21: =SUM(I7:I20) -> 0 | J21: =SUM(J7:J20) -> 179
A24: RINGKASAN TEMUAN
A25: Tingkat | B25: Arti | C25: Jumlah | D25: Sudah ditangani
A26: S1 | B26: Pekerjaan berhenti, tidak ada jalan lain | C26: =COUNTIF(Temuan!$C:$C,$A26) -> 0 | D26: =COUNTIFS(Temuan!$C:$C,$A26,Temuan!$I:$I,"Ditutup") -> 0
A27: S2 | B27: Pekerjaan jalan tapi hasilnya salah | C27: =COUNTIF(Temuan!$C:$C,$A27) -> 1 | D27: =COUNTIFS(Temuan!$C:$C,$A27,Temuan!$I:$I,"Ditutup") -> 0
A28: S3 | B28: Mengganggu, ada jalan memutar | C28: =COUNTIF(Temuan!$C:$C,$A28) -> 0 | D28: =COUNTIFS(Temuan!$C:$C,$A28,Temuan!$I:$I,"Ditutup") -> 0
A29: S4 | B29: Kosmetik (salah ketik, warna) | C29: =COUNTIF(Temuan!$C:$C,$A29) -> 0 | D29: =COUNTIFS(Temuan!$C:$C,$A29,Temuan!$I:$I,"Ditutup") -> 0
A31: UAT lulus bila: semua tahap Selesai, tidak ada S1 dan S2 yang masih terbuka, serta S3/S4 sudah disepakati untuk ditangani setelah rilis.

Sheet Tahap 0
A1: TAHAP 0 — AKSES & SESI
A3: User yang diuji | B3: Semua peran | D3: Lulus | E3: =COUNTIF($D:$D,"L") -> 1
A4: PIC | D4: Gagal | E4: =COUNTIF($D:$D,"G") -> 0
A5: Tanggal | D5: Terhalang | E5: =COUNTIF($D:$D,"T") -> 0
A7: # | B7: Yang dilakukan | C7: Yang harus terjadi | D7: Hasil | E7: Catatan
A8: 0.1 | B8: Masuk dengan User ID dan PIN yang benar | C8: Masuk ke beranda; nama, peran dan depot tampil di kanan atas | D8: L
A9: 0.2 | B9: Masukkan PIN salah 3 kali berturut-turut | C9: Muncul sisa percobaan; pada kali ke-3 akun diblokir dengan pesan jelas
A10: 0.3 | B10: Masuk dengan akun berstatus Nonaktif | C10: Ditolak: "Akun dinonaktifkan administrator"
A11: 0.4 | B11: Setelah masuk, tekan F5 | C11: Tetap di dalam aplikasi, tidak diminta PIN lagi
A12: 0.5 | B12: Tutup semua jendela peramban, buka lagi alamatnya | C12: Diminta login lagi
A13: 0.6 | B13: Buka alamat aplikasi di tab baru | C13: Diminta login — ini disengaja, bukan cacat
A14: 0.7 | B14: Belum login, ketik alamat /report | C14: Formulir login muncul; setelah masuk langsung mendarat di Report
A15: 0.8 | B15: Sebagai U-ADM, ketik /access di bilah alamat | C15: Berakhir di beranda, Access Management tidak terbuka
A16: 0.9 | B16: Ajukan ganti PIN dari menu profil | C16: Pengajuan masuk antrean persetujuan Supervisor / System Manager
A17: 0.10 | B17: Tekan Logout, lalu tekan tombol Back peramban | C17: Tidak kembali masuk ke aplikasi
A18: 0.11 | B18: Masuk sebagai tiap peran, catat kartu menu yang tampil | C18: Hanya kartu yang menjadi haknya yang tampil
A19: 0.12 | B19: Masuk sebagai U-DH lalu U-MGT | C19: Keduanya melihat semua kartu — keduanya memegang semua izin, dibatasi jangkauan depot/region
A20: 0.13 | B20: Buka satu per satu: /upload /release /process /analytics /key-master /document-center /report /timetable /approval /people-performance /access /log-activity /bulk-process /profile | C20: Semuanya membuka modulnya; alamat ikut berubah saat pindah modul
A21: 0.14 | B21: Cabut izin satu tab lewat Access Management, lalu masuk sebagai akun itu | C21: Tab tidak bisa dibuka; muncul "Anda tidak memiliki izin tab ini"

Sheet Tahap 1
A1: TAHAP 1 — PENGAJUAN (CLAIM UPLOAD)
A3: User yang diuji | B3: Admin Depot / OSC | D3: Lulus | E3: =COUNTIF($D:$D,"L") -> 0
A4: PIC | D4: Gagal | E4: =COUNTIF($D:$D,"G") -> 0
A5: Tanggal | D5: Terhalang | E5: =COUNTIF($D:$D,"T") -> 0
A7: 1A. Unggah massal
A8: # | B8: Yang dilakukan | C8: Yang harus terjadi | D8: Hasil | E8: Catatan
A9: 1.1 | B9: Tekan Download Template pada tab Mass | C9: Excel terunduh dengan kolom sesuai layar
A10: 1.2 | B10: Tempel/unggah 20 dokumen uji | C10: Semuanya tampil di pratinjau, berstatus valid
A11: 1.3 | B11: Kosongkan kolom TOP Actual pada satu baris | C11: Baris tetap valid — tidak ada pesan "TOP wajib"
A12: 1.4 | B12: Isi TOP dengan abc lalu -5 | C12: Ditolak: "TOP harus angka lebih dari 0, atau dikosongkan"
A13: 1.5 | B13: Isi TOP 120 pada pelanggan yang TOP Master-nya 60 | C13: Baris tetap valid; sel TOP Actual berlatar kuning sebagai penanda
A14: 1.6 | B14: Perhatikan kolom pratinjau | C14: Ada TOP Setting (dari Customer Master) dan TOP Actual (yang diketik), terpisah
A15: 1.7 | B15: Unggah dokumen yang pelanggannya belum punya KTP maupun NPWP | C15: Ditolak, pesannya menyebut kode pelanggannya
A16: 1.8 | B16: Unggah dokumen Transfer yang pelanggannya belum punya rekening | C16: Ditolak, pesannya menyebut apa yang kurang
A17: 1.9 | B17: Isi Tgl Lunas dengan keenam bentuk: 15-04-2026 15.04.2026 15.04.26 15-04-26 150426 15042026 | C17: Keenamnya diterima dan ditampilkan 15-Apr-2026
A18: 1.10 | B18: Isi 15/04/2026 atau April 15 2026 | C18: Ditolak, pesannya menyebut bentuk yang diterima
A19: 1.11 | B19: Isi 31-04-2026 | C19: Ditolak — bukan digeser ke 30 April
A20: 1.12 | B20: Isi Jenis CB dengan RA07 | C20: Diterima, ditampilkan sebagai Rebate Manual
... A24: 1.16 | B24: Unggah dokumen dengan No Document yang sudah ada | C24: Ditolak, tidak membuat duplikat
A26: 1B. Input manual dan tab Open
A27: # | B27: Yang dilakukan | C27: Yang harus terjadi | D27: Hasil | E27: Catatan
A28: 1.17 | B28: Isi satu dokumen lewat tab Single | C28: Tersimpan, hasilnya sama seperti lewat unggahan massal
A29: 1.18 | B29: Buka tab Open | C29: Menampilkan dokumen Not Yet dalam jangkauan depot
A30: 1.19 | B30: Tekan tombol Kolom, ubah centangnya, lalu muat ulang halaman | C30: Pilihan kolom bertahan setelah muat ulang
A31: 1.20 | B31: Pilih dokumen, tekan On Hold, isi alasan | C31: Alasan wajib; dokumen masuk antrean persetujuan On Hold
A32: 1.21 | B32: Pilih dokumen uji, tekan Expired, isi alasan | C32: Alasan wajib; dokumen masuk antrean persetujuan Expired
A33: 1.22 | B33: Coba On Hold tanpa mengisi alasan | C33: Ditolak

Sheet Tahap 2
A1: TAHAP 2 — PERSETUJUAN (MANAGEMENT OF APPROVAL)
A3: User yang diuji | B3: OSC / Supervisor / Management / Depot Head | D3: Lulus | E3: =COUNTIF($D:$D,"L") -> 0
A4: PIC | D4: Gagal | E4: =COUNTIF($D:$D,"G") -> 0
A5: Tanggal | D5: Terhalang | E5: =COUNTIF($D:$D,"T") -> 0
A7: 2A. Daftar dan rincian
A8: # | B8: Yang dilakukan | C8: Yang harus terjadi | D8: Hasil | E8: Catatan
A9: 2.1 | B9: Setelah 1.15, buka Management of Approval | C9: Batch unggahan tadi muncul di tab Within Payment Term
A10: 2.2 | B10: Perhatikan kolom tabelnya | C10: Ada No Batch, Depot, Qty Doc, Qty Cust, Qty Campaign, Total Net CB, Submitted By, Posting Date
A11: 2.3 | B11: Perhatikan kolom Total Net CB | C11: Nilai penuh tanpa koma di belakang (Rp 24.926.250), bukan singkatan
A12: 2.4 | B12: Klik nomor batch | C12: Tampil No Doc, Kode/Nama Cust, Kode/Nama Campaign, Net CB, Jenis CB, Status Pajak
A13: 2.5 | B13: Pada rincian, centang kolom TOP Setting, TOP Actual, Selisih TOP | C13: Ketiganya tampil; selisih positif merah tebal
A14: 2.6 | B14: Buka tab Overdue | C14: Berisi dokumen yang TOP Actual lebih besar dari TOP Setting (dari 1.5)
A15: 2.7 | B15: Masuk sebagai U-DH, buka modul ini | C15: Tab Overdue tidak tampil; ada keterangan sebabnya
A17: 2B. Tindakan
A18: # | B18: Yang dilakukan | C18: Yang harus terjadi | D18: Hasil | E18: Catatan
A19: 2.8 | B19: Tekan Approve pada satu batch | C19: Dokumen jadi Approved dan hilang dari antrean; tidak diminta alasan
A20: 2.9 | B20: Centang beberapa batch, tekan Posting Approve | C20: Semuanya diproses sekaligus
A21: 2.10 | B21: Dari rincian, tekan Approve pada satu baris | C21: Hanya dokumen itu yang berpindah
A22: 2.11 | B22: Tekan Reject pada satu dokumen | C22: Dokumen kembali ke Not Yet di depot; tidak diminta alasan
A23: 2.12 | B23: Masuk sebagai U-OSC1 (2 depot) | C23: Dropdown depot bisa dipilih; memilih satu depot mempersempit daftar dan ringkasannya
A24: 2.13 | B24: Masuk sebagai U-OSC2 (1 depot) | C24: Dropdown terkunci pada depot itu
A25: 2.14 | B25: Ketik sebagian nomor batch / nama toko / campaign di kotak cari | C25: Daftar menyempit seketika; ringkasan di atas ikut menyesuaikan
A26: 2.15 | B26: Tekan Excel pada tab mana pun | C26: Berkas berisi apa yang sedang terlihat — tab, penyaring dan pencarian yang aktif
A28: 2C. Riwayat
A29: # | B29: Yang dilakukan | C29: Yang harus terjadi | D29: Hasil | E29: Catatan
A30: 2.16 | B30: Buka tab History | C30: Berisi waktu, No Doc, batch, depot, tindakan, dari→ke, oleh
A31: 2.17 | B31: Bila riwayat lebih dari 50 baris, tekan Berikutnya / Sebelumnya | C31: Berpindah halaman; keterangan "Menampilkan a-b dari N" benar
A33: 2D. Tab On Hold & Expired
A34: # | B34: Yang dilakukan | C34: Yang harus terjadi | D34: Hasil | E34: Catatan
A35: 2.18 | B35: Buka tab keempat | C35: Berisi dokumen On Hold dan Expired yang menunggu keputusan, dengan kolom Asal dan Alasan Terakhir
A36: 2.19 | B36: Cari baris beralasan panjang, tekan tombol kecil di sebelahnya | C36: Dialog terbuka berisi alasan utuh, status, oleh, dan waktu
A37: 2.20 | B37: Tekan Approve pada baris On Hold | C37: Status tetap On Hold, baris hilang dari antrean (keputusannya disahkan)
A38: 2.21 | B38: Tekan Reject pada baris On Hold | C38: Dokumen kembali ke status sebelum ditahan dan melanjutkan alurnya
A39: 2.22 | B39: Masuk sebagai U-DH | C39: Antrean terlihat, tombolnya beku, ada keterangan sebabnya
A40: 2.23 | B40: Masuk sebagai U-OSC1 lalu U-SPV | C40: Keduanya bisa memutuskan, terbatas pada jangkauan depotnya
A41: 2.24 | B41: Buka Release Doc setelah 2.8 | C41: Hanya dokumen Approved yang muncul — bukan Submitted
A42: 2.25 | B42: Coba Release dokumen yang masih Submitted | C42: Ditolak

Sheet Tahap 3
A1: TAHAP 3 — PENERBITAN (RELEASE DOC)
A3: User yang diuji | B3: OSC / Supervisor | D3: Lulus | E3: =COUNTIF($D:$D,"L") -> 0
A4: PIC | D4: Gagal | E4: =COUNTIF($D:$D,"G") -> 0
A5: Tanggal | D5: Terhalang | E5: =COUNTIF($D:$D,"T") -> 0
A7: # | B7: Yang dilakukan | C7: Yang harus terjadi | D7: Hasil | E7: Catatan
A8: 3.1 | B8: Pilih dokumen Approved, tekan Release | C8: Jadi Released, nomor batch Release terbit
A9: 3.2 | B9: Perhatikan kartu pelaku pada baris | C9: Tampil Submitted, Approved, Released, Claimed — masing-masing dengan nama dan tanggal
A10: 3.3 | B10: Tekan Reject dengan alasan | C10: Alasan wajib; dokumen kembali ke Not Yet
A11: 3.4 | B11: Tekan Reject tanpa mengisi alasan | C11: Ditolak
A12: 3.5 | B12: Buka Release Doc, cari dokumen Rebate | C12: Dokumen Rebate tidak muncul di sini
A13: 3.6 | B13: Gunakan penyaring depot / campaign | C13: Daftar menyempit sesuai penyaring
A14: 3.7 | B14: Tekan Excel | C14: Berkas berisi baris yang sedang terlihat

Sheet Tahap 4
A1: TAHAP 4 — PENCAIRAN (CLAIM PROCESS)
A3: User yang diuji | B3: OSC yang ditunjuk (U-OSC3) · Depot Head (U-DH) | D3: Lulus | E3: =COUNTIF($D:$D,"L") -> 0
A4: PIC | D4: Gagal | E4: =COUNTIF($D:$D,"G") -> 0
A5: Tanggal | D5: Terhalang | E5: =COUNTIF($D:$D,"T") -> 0
A7: # | B7: Yang dilakukan | C7: Yang harus terjadi | D7: Hasil | E7: Catatan
A8: 4.1 | B8: Pilih dokumen Released, tekan Claim | C8: Jadi Claimed dengan nomor batch Claim
A9: 4.2 | B9: Pilih dokumen Claimed, isi tanggal clearing, tekan Clearing | C9: Jadi Done
A10: 4.3 | B10: Coba Clearing atas dokumen yang masih Approved | C10: Ditolak
A11: 4.4 | B11: Tekan Reject pada tab Claim to Finance | C11: Dokumen kembali ke Approved
A12: 4.5 | B12: Tekan Reject pada Clearing | C12: Dokumen kembali ke Released
A13: 4.6 | B13: Tandai satu dokumen Released sebagai Expired dari modul ini | C13: Jadi Expired, nomor batch terbit di kolom Clearing
A14: 4.7 | B14: Perhatikan nilai rupiah di seluruh tabel | C14: Tidak ada koma desimal di belakang angka
A15: 4.8 | B15: Isi tanggal clearing dengan bentuk 15042026 | C15: Diterima dan ditampilkan 15-Apr-2026
A16: 4.9 | B16: Tekan Excel | C16: Berkas berisi baris yang sedang terlihat
A17: 4.10 | B17: Masuk sebagai U-DH, buka Claim Process | C17: Hanya dokumen depotnya sendiri yang terlihat
A18: 4.11 | B18: Sebagai U-DH, coba proses dokumen depot lain lewat alamat langsung | C18: Ditolak
A19: 4.12 | B19: Masuk sebagai U-OSC3, jalankan 4.1 sampai 4.5 | C19: Semuanya bisa dikerjakan dalam jangkauan depotnya

Sheet Tahap 5
A1: TAHAP 5 — REBATE (BULK PROCESS)
A3: User yang diuji | B3: OSC / Supervisor | D3: Lulus | E3: =COUNTIF($D:$D,"L") -> 0
A4: PIC | D4: Gagal | E4: =COUNTIF($D:$D,"G") -> 0
A5: Tanggal | D5: Terhalang | E5: =COUNTIF($D:$D,"T") -> 0
A7: # | B7: Yang dilakukan | C7: Yang harus terjadi | D7: Hasil | E7: Catatan
A8: 5.1 | B8: Buka Bulk Process | C8: Hanya Rebate yang sudah melewati approval yang tampil — tidak ada yang Submitted
A9: 5.2 | B9: Pilih beberapa, tekan proses | C9: Langsung jadi Done dengan nomor batch
A10: 5.3 | B10: Unggah dokumen Jenis CB Rebate Manual, lalu setujui | C10: Langsung Done setelah disetujui, tanpa lewat Release
A11: 5.4 | B11: Coba proses dokumen non-Rebate lewat Bulk Process | C11: Ditolak
A12: 5.5 | B12: Tekan Excel | C12: Berkas berisi baris yang sedang terlihat

Sheet Tahap 6
A1: TAHAP 6 — DATA INDUK (KEY MASTER)
A3: User yang diuji | B3: System Manager / Supervisor | D3: Lulus | E3: =COUNTIF($D:$D,"L") -> 0
A4: PIC | D4: Gagal | E4: =COUNTIF($D:$D,"G") -> 0
A5: Tanggal | D5: Terhalang | E5: =COUNTIF($D:$D,"T") -> 0
A7: # | B7: Yang dilakukan | C7: Yang harus terjadi | D7: Hasil | E7: Catatan
A8: 6.1 | B8: Tekan Ubah pada satu pelanggan, ganti Contact Person, Simpan | C8: Tersimpan; tombol Simpan bisa dijangkau walau dialognya panjang
A9: 6.2 | B9: Saat dialog Ubah terbuka, coba gulir dan klik layar di belakangnya | C9: Layar belakang tidak bergerak dan tidak menanggapi klik
A10: 6.3 | B10: Tekan Ubah pada satu campaign | C10: Dialog memuat tiga pasang periode: Campaign, SO, dan Billing
A11: 6.4 | B11: Isi Periode SO 05-01-2026–25-03-2026, kosongkan Billing, Simpan | C11: Periode Billing otomatis mengikuti SO
A12: 6.5 | B12: Isi Periode Billing 01-09-2026–30-09-2026, Simpan | C12: Billing yang diisi menang, tidak tertimpa SO
A13: 6.6 | B13: Isi Billing Start lebih besar dari Billing End | C13: Ditolak, pesannya menyebut campaign-nya
A14: 6.7 | B14: Perhatikan tabel Campaign | C14: Ada kolom Periode SO dan Periode Billing
A15: 6.8 | B15: Unduh template Campaign Master | C15: Memuat kolom Periode SO Start/End dan Periode Billing Start/End
A16: 6.9 | B16: Unggah template yang sudah diisi | C16: Keempat periode tersimpan dan terbaca di tabel
A17: 6.10 | B17: Tekan Ubah pada satu depot, ganti Region, Simpan | C17: Tersimpan; Region berubah
A18: 6.11 | B18: Isi alamat email depot pada Depot Master, Simpan | C18: Tersimpan — ini yang dipakai email pengajuan
A19: 6.12 | B19: Arsipkan satu baris pada ketiga tab | C19: Baris pindah ke arsip, tidak terhapus permanen
... A21: 6.14 | B21: Masuk sebagai U-ADM, buka Key Master | C21: Data terlihat, tombol pengubah beku

Sheet Tahap 7
A1: TAHAP 7 — DOKUMEN (DOCUMENT CENTER)
A3: User yang diuji | B3: OSC / Supervisor | D3: Lulus | E3: =COUNTIF($D:$D,"L") -> 0
A4: PIC | D4: Gagal | E4: =COUNTIF($D:$D,"G") -> 0
A5: Tanggal | D5: Terhalang | E5: =COUNTIF($D:$D,"T") -> 0
A7: # | B7: Yang dilakukan | C7: Yang harus terjadi | D7: Hasil | E7: Catatan
A8: 7.1 | B8: Pilih campaign / batch / status, tekan Tarik Data | C8: Daftar tampil sesuai penyaring
A9: 7.2 | B9: Perhatikan kolom periodenya | C9: Menampilkan Periode SO dan Periode Billing
A10: 7.3 | B10: Lihat dokumen yang tidak punya perpanjangan | C10: Memakai periode dari Campaign Master
A11: 7.4 | B11: Ubah periode SO pada satu dokumen | C11: Nilai dokumen yang tampil, menimpa periode master
A12: 7.5 | B12: Buka tab Reprocessing Doc | C12: Berisi dokumen On Hold yang perlu direvisi, beserta periode SO dan Billing
A13: 7.6 | B13: Pilih baris, isi alasan, Arsipkan | C13: Baris terarsip dan bisa dikembalikan

Sheet Tahap 8
A1: TAHAP 8 — JADWAL (TIMETABLE)
A3: User yang diuji | B3: Semua peran | D3: Lulus | E3: =COUNTIF($D:$D,"L") -> 0
A4: PIC | D4: Gagal | E4: =COUNTIF($D:$D,"G") -> 0
A5: Tanggal | D5: Terhalang | E5: =COUNTIF($D:$D,"T") -> 0
A7: # | B7: Yang dilakukan | C7: Yang harus terjadi | D7: Hasil | E7: Catatan
A8: 8.1 | B8: Buka Timetable | C8: Matriks depot × campaign tampil
A9: 8.2 | B9: Catat isi "Top 10 Depot dengan Not Yet Terbanyak" sebagai U-SM, lalu bandingkan sebagai U-OSC2 | C9: Isinya sama persis — papan ini memang terbuka untuk semua
A10: 8.3 | B10: Masuk sebagai U-ADM | C10: Hanya progres depotnya sendiri yang terlihat per depot; progres per campaign tetap terlihat
A11: 8.4 | B11: Pilih sel, tandai Not Achieved | C11: Tersimpan dan terlihat oleh peran lain
A12: 8.5 | B12: Masuk sebagai U-SPV pada depot di luar OSC binaannya | C12: Data terlihat, tombol aksi beku
A13: 8.6 | B13: Periksa campaign yang sudah di-Exclude | C13: Tidak ikut dihitung di Timetable

Sheet Tahap 9
A1: TAHAP 9 — LAPORAN (REPORT & DASHBOARD PUBLIK)
A3: User yang diuji | B3: Supervisor / Management / Umum | D3: Lulus | E3: =COUNTIF($D:$D,"L") -> 0
A4: PIC | D4: Gagal | E4: =COUNTIF($D:$D,"G") -> 0
A5: Tanggal | D5: Terhalang | E5: =COUNTIF($D:$D,"T") -> 0
A7: 9A. Modul Report
A8: # | B8: Yang dilakukan | C8: Yang harus terjadi | D8: Hasil | E8: Catatan
A9: 9.1 | B9: Buka Report, tab Dashboard | C9: KPI, Tren Volume & Nilai, Distribusi Status, Aging, Clearing Rate per Region, Top 10 Depot Outstanding, tabel per Campaign/Region/Depot
A10: 9.2 | B10: Pilih satu Tahun Campaign | C10: Semua angka menyempit; daftar tahun tidak menyusut sehingga masih bisa kembali ke tahun lain
A11: 9.3 | B11: Isi Billing Start dan Billing End | C11: Hanya baris yang periode billing-nya bersinggungan dengan rentang itu yang ikut
A12: 9.4 | B12: Tekan Kosongkan | C12: Semua penyaring bersih, angkanya kembali seperti semula
A13: 9.5 | B13: Isi rentang billing tahun 1900 | C13: Tabel kosong dengan keterangan — bukan menampilkan seluruh data
A14: 9.6 | B14: Buka tab Cost Center 1 | C14: Depot × Campaign dengan Qty, Net CB, Net Claimed, Gross Claimed, CB Expired, Clearing
A15: 9.7 | B15: Dekatkan kursor ke batang pada diagram Sebaran Clearing Rate | C15: Menyebut nama campaign di rentang itu beserta jumlah depotnya
A16: 9.8 | B16: Buka tab Cost Center 2 | C16: Campaign × Bulan pencairan; penyaring bulan berfungsi
A17: 9.9 | B17: Tekan Excel | C17: Berkas berisi sembilan sheet: KPI, Tren Bulanan, Sebaran Status, Aging, Per Region, Per Depot, Performa per Campaign, Cost Center 1, Cost Center 2
A18: 9.10 | B18: Tanpa membuka tab Cost Center 2, tekan Excel | C18: Sheet Cost Center 2 tetap ada isinya
A19: 9.11 | B19: Perhatikan seluruh nilai rupiah | C19: Tidak ada koma desimal di belakang angka
A20: 9.12 | B20: Tekan tombol perbesar pada satu diagram, lalu tutup | C20: Memenuhi layar, lalu kembali ke ukuran semula tanpa berubah bentuk
A22: 9B. Dashboard publik
A23: # | B23: Yang dilakukan | C23: Yang harus terjadi | D23: Hasil | E23: Catatan
A24: 9.13 | B24: Buka /dashboard di jendela penyamaran | C24: Terbuka tanpa diminta login
A25: 9.14 | B25: Bandingkan angka dan diagramnya dengan modul Report untuk penyaring yang sama | C25: Sama persis
A26: 9.15 | B26: Buka /dashboard/cost-center-1 dan /dashboard/cost-center-2 | C26: Masing-masing membuka panelnya
A27: 9.16 | B27: Telusuri seluruh halaman | C27: Tidak ada nama toko, KTP, NPWP, maupun nomor rekening
A28: 9.17 | B28: Pakai penyaring Region/Depot/Campaign/Tahun/Billing | C28: Berfungsi sama seperti di dalam aplikasi
A29: 9.18 | B29: Buka di layar ponsel | C29: Tetap terbaca, tidak ada gulir mendatar

Sheet Tahap 10
A1: TAHAP 10 — ANALISA (ANALYTICS & PEOPLE PERFORMANCE)
A3: User yang diuji | B3: System Manager | D3: Lulus | E3: =COUNTIF($D:$D,"L") -> 0
A4: PIC | D4: Gagal | E4: =COUNTIF($D:$D,"G") -> 0
A5: Tanggal | D5: Terhalang | E5: =COUNTIF($D:$D,"T") -> 0
A7: # | B7: Yang dilakukan | C7: Yang harus terjadi | D7: Hasil | E7: Catatan
A8: 10.1 | B8: Buka tab History | C8: Daftar klaim dengan penyaring OSC/Depot/Campaign/Tahun
A9: 10.2 | B9: Klik nama toko | C9: Dialog terbuka; kode dan nama toko terbaca utuh, tidak terpotong
A10: 10.3 | B10: Buka tab Summary | C10: Ringkasan per Master Code
A11: 10.4 | B11: Klik satu baris Summary | C11: Rinciannya terbuka
A12: 10.5 | B12: Tekan Excel | C12: Berkas berisi baris yang sedang terlihat
A13: 10.6 | B13: Buka People Performance tab OSC | C13: Kinerja per OSC tampil
A14: 10.7 | B14: Buka People Performance tab Supervisor | C14: Kinerja per Supervisor tampil

Sheet Tahap 11
A1: TAHAP 11 — PENGGUNA (ACCESS MANAGEMENT)
A3: User yang diuji | B3: Supervisor / System Manager | D3: Lulus | E3: =COUNTIF($D:$D,"L") -> 0
A4: PIC | D4: Gagal | E4: =COUNTIF($D:$D,"G") -> 0
A5: Tanggal | D5: Terhalang | E5: =COUNTIF($D:$D,"T") -> 0
A7: # | B7: Yang dilakukan | C7: Yang harus terjadi | D7: Hasil | E7: Catatan
A8: 11.1 | B8: Sebagai U-SM, buka Access Management | C8: Daftar akun beserta peran, depot dan region
A9: 11.2 | B9: Ubah peran satu akun uji menjadi Depot Head | C9: Tersimpan; yurisdiksi lama ter-reset, tidak ada dua yurisdiksi sekaligus
A10: 11.3 | B10: Ubah peran satu akun menjadi Management | C10: Muncul kotak Assignment Region berisi region dari Depot Master beserta jumlah depotnya
A11: 11.4 | B11: Coba simpan region yang tidak ada di Depot Master | C11: Ditolak
A12: 11.5 | B12: Tugaskan satu OSC ke satu depot | C12: Tersimpan — ini yang menentukan CC email pengajuan
A13: 11.6 | B13: Masuk sebagai akun yang punya akses modul ini tetapi bukan Supervisor/System Manager | C13: Isinya terlihat, semua tombol pengubah beku, ada keterangan sebabnya
A14: 11.7 | B14: Buka dialog Edit satu akun | C14: Daftar modul memuat Document Center (bukan "Cashback Compilation") dan Management of Approval
A15: 11.8 | B15: Periksa daftar tab pada dialog Edit | C15: Memuat tab Email Pengajuan
A16: 11.9 | B16: Daftarkan akun baru, setujui dari tab Approval Request | C16: Akun bisa masuk setelah disetujui
A17: 11.10 | B17: Sebagai U-SM, hapus akun uji | C17: Terhapus/terarsip sesuai aturan
A18: 11.11 | B18: Buka tab Arsip Hapus, kembalikan akun tadi | C18: Akun kembali

Sheet Tahap 12
A1: TAHAP 12 — EMAIL PENGAJUAN
A3: User yang diuji | B3: Supervisor / System Manager | D3: Lulus | E3: =COUNTIF($D:$D,"L") -> 0
A4: PIC | D4: Gagal | E4: =COUNTIF($D:$D,"G") -> 0
A5: Tanggal | D5: Terhalang | E5: =COUNTIF($D:$D,"T") -> 0
A7: 12A. Pengaturan
A8: # | B8: Yang dilakukan | C8: Yang harus terjadi | D8: Hasil | E8: Catatan
A9: 12.1 | B9: Buka Access Management, tab Email Pengajuan | C9: Tab terbuka; sakelar menunjukkan NONAKTIF pada awalnya
A10: 12.2 | B10: Perhatikan kotak Contoh Penerima | C10: TO berisi alamat depot; CC berisi OSC & Supervisor sesuai yurisdiksi dan email tambahan
A11: 12.3 | B11: Periksa apakah alamat CC dari Depot Master ikut | C11: Tidak boleh ikut — CC hanya dari yurisdiksi dan daftar di tab ini
A12: 12.4 | B12: Isi daftar Email Tambahan dengan 2 alamat, Simpan | C12: Tersimpan; kedua alamat muncul di Contoh Penerima bagian CC
A13: 12.5 | B13: Isi Email Tambahan dengan bukan-email, Simpan | C13: Ditolak, pesannya menyebut alamat yang salah
A14: 12.6 | B14: Centang Mode Uji tanpa mengisi alamat uji, Simpan | C14: Ditolak: "Mode Uji memerlukan alamat email uji"
A15: 12.7 | B15: Isi alamat uji, centang Mode Uji, nyalakan sakelar, Simpan | C15: Tersimpan; keterangan berubah jadi "Seluruh email dari action akan masuk ke ..."
A16: 12.8 | B16: Muat ulang halaman, buka tab ini lagi | C16: Sakelar tetap AKTIF dan Mode Uji tetap tercentang
A17: 12.9 | B17: Tekan Kirim Contoh | C17: Email contoh masuk ke alamat uji dalam beberapa detik
A18: 12.10 | B18: Masuk sebagai OSC atau Admin, buka tab ini | C18: Isinya terlihat, semua kendali beku
A20: 12B. Email dari action sungguhan
A21: # | B21: Action yang dilakukan | C21: Subjek yang harus muncul | D21: Hasil | E21: Catatan
A22: 12.11 | B22: Posting 2 dokumen di Claim Upload | C22: [UJI] Approval - Pengajuan Claim Cashback <nama depo>
A23: 12.12 | B23: Approve 2 dokumen di Management of Approval | C23: [UJI] Approved - Pengajuan Claim Cashback Depo <nama depo>
A24: 12.13 | B24: Clearing 2 dokumen | C24: [UJI] Done - Pengajuan Claim Cashback
A25: 12.14 | B25: On Hold 2 dokumen | C25: [UJI] On Hold - Pengajuan Claim Cashback <nama depo>
A26: 12.15 | B26: Expired 2 dokumen | C26: [UJI] Expired - Pengajuan Claim Cashback <nama depo>
A27: 12.16 | B27: Release dan Claim to Finance 2 dokumen | C27: Tidak ada email — kedua tahap ini memang tidak mengabari
A29: 12C. Isi email — periksa pada salah satu email di atas
A30: # | B30: Yang diperiksa | C30: Yang harus terlihat | D30: Hasil | E30: Catatan
A31: 12.17 | B31: Kop surat | C31: Berlatar merah, ada logo Nippon di kiri dan maskot RC di kanan, keduanya tampil tanpa harus menekan "tampilkan gambar"
A32: 12.18 | B32: Spanduk hitam di paling atas | C32: "MODE UJI — surat ini TIDAK dikirim ke depot", beserta daftar TO dan CC yang seharusnya
A33: 12.19 | B33: Kalimat pembuka | C33: Diawali "Dear All,"
A34: 12.20 | B34: Tabel | C34: Kolom NO BATCH, NAMA CAMPAIGN, JUMLAH TOKO, TOTAL CB
A35: 12.21 | B35: Baris terakhir tabel | C35: GRAND TOTAL dengan jumlah toko dan total CB
A36: 12.22 | B36: Nilai rupiah | C36: Pemisah titik, tanpa koma desimal (Rp 1.100.000)
A37: 12.23 | B37: Kalimat permintaan | C37: Sesuai tahapnya: Management approve / OSC proses / Depo cek list toko
A38: 12.24 | B38: Penutup | C38: "Regards, SA & SD Operations" dan keterangan kecil sa_sd1@nipponpaint-indonesia.com
A39: 12.25 | B39: Lampiran | C39: Tidak ada lampiran PDF
A40: 12.26 | B40: Email On Hold dan Expired | C40: Memuat kotak kuning berisi Alasan yang diketik saat aksi
A42: 12D. Setelah UAT selesai
A43: # | B43: Yang dilakukan | C43: Yang harus terjadi | D43: Hasil | E43: Catatan
A44: 12.27 | B44: Hapus centang Mode Uji, Simpan | C44: Muncul konfirmasi yang menyebutkan email akan mulai ke alamat depot sungguhan

Sheet Tahap 13
A1: TAHAP 13 — JEJAK (LOG AKTIVITAS)
A3: User yang diuji | B3: z | D3: Lulus | E3: =COUNTIF($D:$D,"L") -> 0
A4: PIC | D4: Gagal | E4: =COUNTIF($D:$D,"G") -> 0
A5: Tanggal | D5: Terhalang | E5: =COUNTIF($D:$D,"T") -> 0
A7: # | B7: Yang dilakukan | C7: Yang harus terjadi | D7: Hasil | E7: Catatan
A8: 13.1 | B8: Buka Log Aktivitas setelah menjalankan Tahap 1–5 | C8: Setiap tindakan tercatat dengan waktu, User ID, peran dan keterangan
A9: 13.2 | B9: Cari baris approve batch | C9: Keterangannya menyebut nomor batch dan jumlah dokumen
A10: 13.3 | B10: Cari baris approve satu dokumen | C10: Keterangannya menyebut nomor dokumennya
A11: 13.4 | B11: Bandingkan tab History pada Management of Approval dengan Log Aktivitas | C11: Keduanya menceritakan kejadian yang sama
A12: 13.5 | B12: Pakai penyaring tanggal dan pengguna | C12: Daftar menyempit sesuai penyaring
A13: 13.6 | B13: Tekan Excel | C13: Berkas berisi baris yang sedang terlihat
